use BookStore
insert into store.Stores values (1, 1, 21, 13.54);
insert into store.Stores values (2, 1, 22, 6.89);
insert into store.Stores values (3, 2, 23, 6.7);
insert into store.Stores values (4, 3, 24, 9.53);
insert into store.Stores values (5, 4, 25, 5.42);
insert into store.Stores values (6, 5, 26, 3.21);
insert into store.Stores values (7, 6, 27, 12.57);
insert into store.Stores values (8, 7, 28, 5.1);
insert into store.Stores values (9, 7, 29, 7.52);
insert into store.Stores values (10, 1, 30, 10.3);

insert into work.Employees values (1, '2020-1-1', 700, 1 , 'John','Smith', 'Janitor', 20, 'NONE', 0, 'A');
insert into work.Employees values (2 , '2019-4-24', 900, 2 , 'Dale','Baker', 'Janitor', 300, 'BMC', 20, 'C');
insert into work.Employees values (3, '2020-4-20', 700, 4 , 'Robert','Williams', 'Janitor', 50, 'ABC', 4 , 'B');
insert into work.Employees values (4, '2020-2-18', 700, 5 , 'Jennifer','Brown', 'Janitor', 30, 'BMC', 0, 'A');
insert into work.Employees values (5 , '2020-7-17', 700, 6 , 'Linda','Jones', 'Janitor', 45, 'NONE', 0, 'A');
insert into work.Employees values (6, '2020-10-9', 750, 7 , 'Michael','Garcia', 'Janitor', 70, 'TLC', 5 , 'A');
insert into work.Employees values (7, '2020-3-6', 1100, 8 , 'David','Miller', 'Janitor', 600, 'QVC', 30, 'A');
insert into work.Employees values (8, '2020-9-21', 700, 9 , 'William','Davis', 'Janitor', 10 , 'NONE', 0, 'A');
insert into work.Employees values (9, '2019-12-5', 870, 10 , 'Susan','Rodriguez', 'Janitor', 200, 'BOB', 7 , 'B');
insert into work.Employees values (10, '2019-7-13', 970, 3 , 'Joe','Smith', 'Janitor', 780, 'NONE', 5 , 'A');
insert into work.Employees values (11, '2020-1-20', 2000, 11 , 'Joseph','Hernandez', 'Manager', 1500, 'BMC', 7 , 'A');
insert into work.Employees values (12, '2020-3-7', 2100, 12 , 'Barbara','Wilson', 'Manager', 2012, 'TLC', 13, 'B');
insert into work.Employees values (13, '2018-4-1', 2400, 13, 'Charles','Anderson', 'Manager', 2538, 'QVC', 8 , 'A');
insert into work.Employees values (14, '2019-4-3', 2000, 14, 'Karen','Thomas', 'Manager', 1746, 'QVC', 24, 'A');
insert into work.Employees values (15, '2020-9-13', 1900, 15, 'Sarah','Taylor', 'Manager', 1354, 'BMC', 20, 'A');
insert into work.Employees values (16, '2019-4-14', 2500, 16, 'Matthew','Lewis', 'Manager', 2751, 'BOB', 19, 'A');
insert into work.Employees values (17, '2019-7-18', 2450, 17, 'Daniel','Moore', 'Manager', 2865, 'TLC', 34, 'A');
insert into work.Employees values (18, '2020-8-2', 2220, 18, 'Christopher','Jackson', 'Manager', 2136, 'BMC', 15, 'A');
insert into work.Employees values (19, '2019-8-30', 2300, 19, 'Betty','Martin', 'Manager', 1875, 'QVC', 24, 'A');
insert into work.Employees values (20, '2019-12-19', 2100, 20, 'Paul','Clark', 'Manager', 3541, 'TLC', 50, 'C');
insert into work.Employees values (21, '2020-3-13', 1200, 39, 'Keith','Turner', 'Cashier', 450, 'BMC', 13, 'A');
insert into work.Employees values (22, '2020-7-13', 1100, 40, 'Richard','Cooper', 'Cashier', 1450, 'BMC', 2 , 'A');
insert into work.Employees values (23, '2020-11-13', 1120, 41, 'Gerald','James', 'Cashier', 250, 'BMC', 10 , 'A');
insert into work.Employees values (24, '2020-12-13', 1250, 42, 'Hannah','King', 'Cashier', 350, 'TLC', 11 , 'A');
insert into work.Employees values (25, '2020-6-13', 1340, 43, 'Frances','Kim', 'Cashier', 50, 'BMC', 13, 'A');
insert into work.Employees values (26, '2020-7-12', 1500, 44, 'Andrea','Morgan', 'Cashier', 70, 'TLC', 13, 'B');
insert into work.Employees values (27, '2019-3-12', 1400, 45, 'Martha','Carter', 'Cashier', 18, 'BMC', 5 , 'A');
insert into work.Employees values (28, '2020-2-4', 1275, 46, 'Cheryl','Evans', 'Cashier', 13, 'QVC', 14, 'C');
insert into work.Employees values (29, '2020-8-8', 1305, 47, 'Ann','Martinez', 'Cashier', 280, 'BMC', 5 , 'A');
insert into work.Employees values (30, '2019-9-13', 1170, 48, 'Jean','Roberts', 'Cashier', 156, 'QVC', 4 , 'A');
insert into work.Employees values (31, '2019-5-18', 1200, 49, 'Arthur','Parker', 'Cashier', 135, 'BMC', 33, 'A');
insert into work.Employees values (32, '2020-1-30', 1450, 50, 'Austin','Reyes', 'Cashier', 147, 'TLC', 13, 'C');
insert into work.Employees values (33, '2020-4-25', 1475, 51, 'Noah','Gray', 'Cashier', 245, 'BMC', 13, 'A');
insert into work.Employees values (34, '2020-3-18', 1205, 52, 'Lawrence','James', 'Cashier', 235, 'BMC', 13, 'A');
insert into work.Employees values (35, '2020-2-13', 1400, 53, 'Jesse','Martinez', 'Cashier', 385, 'QVC', 20, 'A');
insert into work.Employees values (36, '2020-11-14', 1300, 54, 'Joe','Martinez', 'Cashier', 6452, 'BMC', 25, 'A');
insert into work.Employees values (37, '2020-10-5', 1200, 55, 'Janice','Martinez', 'Cashier', 5462, 'BMC', 40, 'A');
insert into work.Employees values (38, '2020-8-8', 1175, 56, 'Teresa','Cooper', 'Cashier', 245, 'BMC', 55, 'A');
insert into work.Employees values (39, '2020-8-30', 1100, 57, 'Richard','Martinez', 'Cashier', 235, 'TLC', 88, 'A');
insert into work.Employees values (40, '2019-7-13', 1200, 58, 'Alexis','Turner', 'Logistics Worker', 56, 'ABC', 77, 'A');
insert into work.Employees values (41, '2020-3-3', 1600, 59, 'Charlotte','Evans', 'Logistics Worker', 458, 'BMC', 32, 'B');
insert into work.Employees values (42, '2020-2-5', 1300, 60, 'Teresa','Martinez', 'Logistics Worker', 362, 'ABC', 11 , 'A');
insert into work.Employees values (43, '2019-4-8', 1450, 61, 'Janice','Martinez', 'Logistics Worker', 564, 'NONE', 55, 'B');
insert into work.Employees values (44, '2020-12-13', 1540, 62, 'Alexis','Gray', 'Logistics Worker', 652, 'BMC', 41, 'A');
insert into work.Employees values (45, '2019-11-18', 1300, 63, 'Billy','Parker', 'Logistics Worker', 564, 'NONE', 25, 'A');
insert into work.Employees values (46, '2020-12-19', 1270, 64, 'Charlotte','Morgan', 'Logistics Worker', 224, 'BMC', 31, 'A');
insert into work.Employees values (47, '2020-7-5', 1570, 65, 'Richard','Reyes', 'Logistics Worker', 235, 'BOB', 24, 'A');
insert into work.Employees values (48, '2019-5-2', 1330, 66, 'Joe','Kim', 'Logistics Worker', 6582, 'BMC', 12 , 'A');
insert into work.Employees values (49, '2019-5-15', 1420, 67, 'Janice','Carter', 'Logistics Worker', 653, 'TLC', 1 , 'A');
insert into work.Employees values (50, '2020-11-8', 1750, 68, 'Billy','Turner', 'Supervisor', 562, 'BMC', 25, 'A');
insert into work.Employees values (51, '2020-11-9', 1300, 69, 'Janice','Reed', 'Supervisor', 524, 'BMC', 38, 'A');
insert into work.Employees values (52, '2020-11-3', 1470, 70, 'Sara','Roberts', 'Supervisor', 65, 'BOB', 7 , 'A');
insert into work.Employees values (53, '2020-7-8', 1280, 71, 'Jacqueline','Long', 'Supervisor', 235, 'BMC', 38, 'B');
insert into work.Employees values (54, '2020-7-9', 1300, 72, 'Billy','Martinez', 'Supervisor', 68, 'BMC', 21, 'A');
insert into work.Employees values (55, '2020-9-5', 1270, 73, 'Alexis','Peterson', 'Supervisor', 450, 'BMC', 83, 'A');
insert into work.Employees values (56, '2020-10-13', 1670, 74, 'Billy','Turner', 'Supervisor', 562, 'TLC', 75, 'A');
insert into work.Employees values (57, '2020-10-28', 1500, 75, 'Sara','Parker', 'Supervisor', 44, 'QVC', 3 , 'A');
insert into work.Employees values (58, '2020-12-9', 1390, 76, 'Alexis','Hill', 'Supervisor', 524, 'BMC', 58, 'C');
insert into work.Employees values (59, '2020-7-13', 1600, 77, 'Sara','Evans', 'Supervisor', 452, 'ABC', 13, 'A');
insert into work.Employees values (60, '2020-6-8', 1300, 78, 'Charlotte','Reyes', 'Logistics Supervisor', 46, 'BOB', 5 , 'A');
insert into work.Employees values (61, '2020-11-25', 1850, 79, 'Louis','Gray', 'Logistics Supervisor', 345, 'BMC', 6 , 'C');
insert into work.Employees values (62, '2020-2-13', 1600, 80, 'Alexis','Cooper', 'Logistics Supervisor', 278, 'BOB', 15, 'A');
insert into work.Employees values (63, '2020-8-6', 1390, 81, 'Billy','James', 'Logistics Supervisor', 964, 'QVC', 68, 'A');
insert into work.Employees values (64, '2020-4-13', 1450, 82, 'Teresa','Peterson', 'Logistics Supervisor', 351, 'TLC', 8 , 'A');
insert into work.Employees values (65, '2020-6-15', 1570, 83, 'Alexis','Reed', 'Logistics Supervisor', 645, 'BMC', 447, 'A');
insert into work.Employees values (66, '2020-3-13', 1600, 84, 'Jacqueline','Scott', 'Logistics Supervisor', 898, 'BOB', 3 , 'B');
insert into work.Employees values (67, '2020-11-13', 1800, 85, 'Richard','Morales', 'Logistics Supervisor', 564, 'BMC', 24, 'A');
insert into work.Employees values (68, '2020-2-13', 1680, 86, 'Sara','Carter',  'Logistics Supervisor', 623, 'QVC', 69, 'A');
insert into work.Employees values (69, '2020-7-23', 1400, 87, 'Alexis','Morgan',  'Logistics Supervisor', 456, 'NONE', 95, 'A');
insert into work.Employees values (70, '2020-11-8', 2000, 88, 'Nicole','Scott', 'IT', 234, 'BMC', 23, 'B');
insert into work.Employees values (71, '2020-11-29', 2300, 89, 'Charlotte','Ross', 'IT', 456, 'TLC', 42, 'A');
insert into work.Employees values (72, '2020-10-5', 2550, 90, 'Adam','Kim', 'IT', 655, 'BMC', 14, 'A');
insert into work.Employees values (73, '2020-12-15', 3000, 91, 'Alexis','Parker', 'IT', 666, 'BOB', 58, 'A');
insert into work.Employees values (74, '2020-2-13', 3600, 92, 'Debra','Roberts', 'IT', 6542, 'BMC', 66, 'A');
insert into work.Employees values (75, '2020-5-13', 2900, 93, 'Sara','Foster', 'IT', 122, 'TLC', 452, 'B');
insert into work.Employees values (76, '2019-1-5', 2250, 94, 'Joe','Long', 'IT', 342, 'BMC', 253, 'A');
insert into work.Employees values (77, '2020-3-8', 3570, 95, 'Adam','Wright', 'IT', 538, 'BOB', 37, 'A');
insert into work.Employees values (78, '2019-7-13', 2690, 96, 'Louis','Turner', 'IT', 875, 'BMC', 5 , 'A');
insert into work.Employees values (79, '2020-11-18', 2840, 97, 'Alexis','Nelson', 'IT', 34, 'QVC', 17, 'A');
insert into work.Employees values (80, '2020-11-19', 1490, 98, 'Jacqueline','Reyes', 'Accounter', 45, 'BMC', 288, 'A');
insert into work.Employees values (81, '2020-5-13', 1560, 99, 'Adam','Martinez', 'Accounter', 88, 'ABC', 4 , 'B');
insert into work.Employees values (82, '2020-12-20', 1680, 100, 'Debra','Reed', 'Accounter', 99, 'BMC', 25, 'A');
insert into work.Employees values (83, '2020-10-3', 1970, 101, 'Alexis','Long', 'Accounter', 445, 'BMC', 11 , 'A');
insert into work.Employees values (84, '2020-11-13', 1680, 102, 'Adam','Scott', 'Accounter', 532, 'BMC', 5 , 'A');
insert into work.Employees values (85, '2020-7-5', 1570, 103, 'Teresa','Peterson', 'Accounter', 466, 'TLC', 10 , 'A');
insert into work.Employees values (86, '2020-2-7', 1460, 104, 'Sara','Price', 'Accounter', 324, 'BOB', 11 , 'A');
insert into work.Employees values (87, '2020-7-13', 1860, 105, 'Nicole','Cooper', 'Accounter', 328, 'BMC', 5 , 'A');
insert into work.Employees values (88, '2020-4-1', 1790, 106, 'Alexis','Morales', 'Accounter', 86, 'NONE', 9 , 'A');
insert into work.Employees values (89, '2020-3-25', 1600, 107, 'Richard','Carter', 'Accounter', 44, 'BMC', 85, 'A');
insert into work.Employees values (90, '2020-7-26', 1900, 108, 'Teresa','Wright', 'Financer', 55, 'NONE', 18, 'A');
insert into work.Employees values (91, '2020-11-3', 2000, 109, 'Richard','Turner', 'Financer', 65, 'QVC', 74, 'A');
insert into work.Employees values (92, '2020-11-13', 2100, 110, 'Sara','Martinez', 'Financer', 22, 'BMC', 66, 'A');
insert into work.Employees values (93, '2020-2-5', 2690, 111, 'Jacqueline','Reed', 'Financer', 4 , 'TLC', 22, 'A');
insert into work.Employees values (94, '2020-10-8', 1980, 112, 'Alexis','Hill', 'Financer', 33, 'BMC', 88, 'A');
insert into work.Employees values (95, '2020-12-9', 2300, 113, 'Abigail','Parker', 'Financer', 8 , 'BMC', 55, 'A');
insert into work.Employees values (96, '2020-8-5', 2680, 114, 'Louis','Roberts', 'Financer', 4450, 'BMC', 1 , 'A');
insert into work.Employees values (97, '2020-3-11', 2350, 115, 'Louis','Scott', 'Financer', 83, 'BMC', 56, 'B');
insert into work.Employees values (98, '2020-3-12', 2900, 116, 'Joe','Morgan', 'Financer', 432, 'NONE', 50, 'A');
insert into work.Employees values (99, '2019-8-22', 2790, 117, 'Richard','Turner', 'Financer', 4352, 'QVC', 30, 'A');
insert into work.Employees values (100, '2020-11-12', 1800, 118, 'Alexis','Nelson', 'Advertiser', 412, 'ABC', 55, 'A');
insert into work.Employees values (101, '2020-5-13', 1670, 119, 'Abigail','Ross', 'Advertiser', 13, 'TLC', 64, 'A');
insert into work.Employees values (102, '2020-1-14', 1765, 120, 'Nicole','King', 'Advertiser', 4540, 'BMC', 8 , 'A');
insert into work.Employees values (103, '2019-11-22', 1490, 121, 'Abigail','Long', 'Advertiser', 23, 'QVC', 528, 'A');
insert into work.Employees values (104, '2020-2-2', 1380, 122, 'Stephen','Foster', 'Advertiser', 21, 'BMC', 2 , 'A');
insert into work.Employees values (105, '2020-4-13', 1300, 123, 'Richard','Hill', 'Advertiser', 5 , 'BMC', 13, 'A');
insert into work.Employees values (106, '2020-7-29', 1400, 124, 'Jacqueline','Reed', 'Advertiser', 88, 'BMC', 2 , 'A');
insert into work.Employees values (107, '2020-5-28', 1570, 125, 'Debra','Kim', 'Advertiser', 100, 'TLC', 11 , 'A');
insert into work.Employees values (108, '2020-2-23', 1600, 126, 'Alexis','King', 'Advertiser', 52, 'BMC', 55, 'B');
insert into work.Employees values (109, '2020-11-15', 1300, 127, 'Teresa','Price', 'Advertiser', 11 , 'QVC', 0, 'A');
insert into work.Employees values (110, '2019-3-14', 1350, 128, 'Debra','Peterson', 'Sales Representative',  271, 'BMC', 1 , 'A');
insert into work.Employees values (111, '2020-8-13', 1100, 129, 'Alexis','Morgan', 'Sales Representative', 223, 'ABC', 9 , 'B');
insert into work.Employees values (112, '2020-9-18', 1270, 130, 'Abigail','Cooper', 'Sales Representative', 504, 'BMC', 25, 'A');
insert into work.Employees values (113, '2020-10-12', 1200, 131, 'Debra','Morgan', 'Sales Representative', 11 , 'BMC', 7 , 'A');
insert into work.Employees values (114, '2020-12-14', 1175, 132, 'Joe','Wright', 'Sales Representative', 55, 'TLC', 3 , 'A');
insert into work.Employees values (115, '2020-2-25', 1200, 133, 'Debra','Parker', 'Sales Representative', 88, 'QVC', 24, 'A');
insert into work.Employees values (116, '2020-10-15', 1230, 134, 'Abigail','Roberts', 'Sales Representative', 22, 'NONE', 22, 'A');
insert into work.Employees values (117, '2020-1-1', 1300, 135, 'Jacqueline','Nelson', 'Sales Representative', 1212, 'ABC', 14, 'D');
insert into work.Employees values (118, '2020-8-5', 1100, 136, 'Richard','Carter', 'Sales Representative', 450, 'BMC', 1 , 'A');
insert into work.Employees values (119, '2020-8-5', 1200, 137, 'Stephen','Wright', 'Sales Representative', 55, 'BOB', 58, 'A');
insert into work.Employees values (120, '2020-8-8', 1275, 138, 'Alexis','Turner', 'HR', 44, 'QVC', 11 , 'A');
insert into work.Employees values (121, '2020-9-13', 1400, 139, 'Abigail','King', 'HR', 121, 'BMC', 13, 'A');
insert into work.Employees values (122, '2020-7-9', 1100, 140, 'Alexis','Evans', 'HR', 88, 'ABC', 73, 'B');
insert into work.Employees values (123, '2020-11-8', 1200, 141, 'Louis','Nelson', 'HR', 55, 'BMC', 23, 'A');
insert into work.Employees values (124, '2020-2-5', 1200, 142, 'Alexis','Kim', 'HR', 33, 'BMC', 2 , 'A');
insert into work.Employees values (125, '2019-5-7', 1150, 143, 'Louis','King', 'HR', 44, 'TLC', 9 , 'A');
insert into work.Employees values (126, '2020-10-25', 1270, 144, 'Stephen','Parker', 'HR', 8557, 'ABC', 153, 'A');
insert into work.Employees values (127, '2020-12-20', 1350, 145, 'Joe','Reyes', 'HR', 4443, 'BOB', 124, 'C');
insert into work.Employees values (128, '2020-12-18', 1100, 146, 'Teresa','King', 'HR', 4 , 'QVC', 0, 'A');
insert into work.Employees values (129, '2019-10-13', 1200, 147, 'Louis','Wright', 'HR', 242, 'NONE', 50, 'B');

insert into work.Jobs values ('Janitor', 'Mop the floor, clean shelves', 700, 1200);
insert into work.Jobs values ('Cashier', 'Handle transactions', 1100, 1500);
insert into work.Jobs values ('Logistics Worker', 'Resupply the shelves, load & unload the trucks', 1200, 1600);
insert into work.Jobs values ('Supervisor', 'Handle transactions, handle customers, help other employees', 1250, 1750);
insert into work.Jobs values ('Logistics Supervisor', 'Resupply the shelves, load & unload the trucks, coordinate workers on the field', 1300, 1850);
insert into work.Jobs values ('IT', 'Take care of the servers, update software on front desk computers for handeling transactions', 2000, 3650);
insert into work.Jobs values ('Accounter', 'Count the money in stock, check that money in transactions match the the amount in stock', 1450, 1970);
insert into work.Jobs values ('Financer', 'Advise on tactics of sales, recommend which books to have in stock', 1900, 2965);
insert into work.Jobs values ('Advertiser', 'Advertise the store using the books in sock, and our exceptional services', 1300, 1860);
insert into work.Jobs values ('Sales Representative', 'Help out customers in store to choose the best books for their investment', 1000, 1400);
insert into work.Jobs values ('Manager', 'Make final decisions in every position, fix the problems any department might have', 1900, 2700);
insert into work.Jobs values ('HR', 'Review resumes, interview and propose candidates to the positions for the jobs', 1000, 1400);

insert into item.Books values(1, 'East Of Eden', 1, 'Fantasy', '2018-5-15', 52.99);
insert into item.Books values(2, 'The Sun Also Rises', 2, 'Detective', '2017-8-2', 13.59);
insert into item.Books values(3, 'Vile Bodies', 3, 'Thriller', '2015-3-15', 23.45);
insert into item.Books values(4, 'Number of Stars', 4, 'History', '2012-12-7', 72.39);
insert into item.Books values(5, 'Noli Me Tangere', 5, 'Romance', '2019-1-8', 50.99);
insert into item.Books values(6, 'Brave New World', 6, 'Horror', '2020-7-27', 19.89);
insert into item.Books values(7, 'Pale Fire', 7, 'Memoir', '2015-5-23', 45.79);
insert into item.Books values(8, 'The Fault In Our Stars', 8, 'Essay', '2016-6-1', 26.59);
insert into item.Books values(9, 'Cold Comfort Farm', 9, 'Science Fiction', '2014-2-12', 40.29);
insert into item.Books values(10, 'In Cold Blood', 10, 'Biography', '2013-5-27', 17.25);

insert into item.Authors values(1, 'Justin', 'Hill');
insert into item.Authors values(2, 'Diane', 'Smith');
insert into item.Authors values(3, 'Samantha', 'Adams');
insert into item.Authors values(4, 'Patrick', 'Johnson');
insert into item.Authors values(5, 'Scott', 'Davis');
insert into item.Authors values(6, 'Gregory', 'Green');
insert into item.Authors values(7, 'Emma', 'Lopez');
insert into item.Authors values(8, 'Frank', 'Wright');
insert into item.Authors values(9, 'Jack', 'King');
insert into item.Authors values(10, 'Christine', 'Allen');

/*
insert into item.Bookstore values(1, 1, 300);
insert into item.Bookstore values(2, 1, 400);
insert into item.Bookstore values(3, 1, 860);
insert into item.Bookstore values(4, 1, 40);
insert into item.Bookstore values(5, 1, 900);
insert into item.Bookstore values(6, 1, 180);
insert into item.Bookstore values(7, 1, 1050);
insert into item.Bookstore values(8, 1, 160);
insert into item.Bookstore values(9, 1, 108);
insert into item.Bookstore values(10, 1, 480);
insert into item.Bookstore values(1, 2, 1320);
insert into item.Bookstore values(2, 2, 2500);
insert into item.Bookstore values(3, 2, 1890);
insert into item.Bookstore values(4, 2, 1090);
insert into item.Bookstore values(5, 2, 109);
insert into item.Bookstore values(6, 2, 1050);
insert into item.Bookstore values(7, 2, 250);
insert into item.Bookstore values(8, 2, 1070);
insert into item.Bookstore values(9, 2, 1400);
insert into item.Bookstore values(10, 2, 900);
insert into item.Bookstore values(1, 3, 300);
insert into item.Bookstore values(2, 3, 156);
insert into item.Bookstore values(3, 3, 1058);
insert into item.Bookstore values(4, 3, 107);
insert into item.Bookstore values(5, 3, 140);
insert into item.Bookstore values(6, 3, 100);
insert into item.Bookstore values(7, 3, 130);
insert into item.Bookstore values(8, 3, 500);
insert into item.Bookstore values(9, 3, 800);
insert into item.Bookstore values(10, 3, 100);
insert into item.Bookstore values(1, 4, 7500);
insert into item.Bookstore values(2, 4, 200);
insert into item.Bookstore values(3, 4, 300);
insert into item.Bookstore values(4, 4, 180);
insert into item.Bookstore values(5, 4, 100);
insert into item.Bookstore values(6, 4, 190);
insert into item.Bookstore values(7, 4, 100);
insert into item.Bookstore values(8, 4, 740);
insert into item.Bookstore values(9, 4, 100);
insert into item.Bookstore values(10, 4, 3400);
insert into item.Bookstore values(1, 5, 930);
insert into item.Bookstore values(2, 5, 5600);
insert into item.Bookstore values(3, 5, 100);
insert into item.Bookstore values(4, 5, 420);
insert into item.Bookstore values(5, 5, 890);
insert into item.Bookstore values(6, 5, 300);
insert into item.Bookstore values(7, 5, 100);
insert into item.Bookstore values(8, 5, 100);
insert into item.Bookstore values(9, 5, 100);
insert into item.Bookstore values(10, 5, 3600);
insert into item.Bookstore values(1, 6, 90);
insert into item.Bookstore values(2, 6, 1170);
insert into item.Bookstore values(3, 6, 250);
insert into item.Bookstore values(4, 6, 2100);
insert into item.Bookstore values(5, 6, 100);
insert into item.Bookstore values(6, 6, 350);
insert into item.Bookstore values(7, 6, 250);
insert into item.Bookstore values(8, 6, 100);
insert into item.Bookstore values(9, 6, 750);
insert into item.Bookstore values(10, 6, 100);
insert into item.Bookstore values(1, 7, 210);
insert into item.Bookstore values(2, 7, 680);
insert into item.Bookstore values(3, 7, 420);
insert into item.Bookstore values(4, 7, 170);
insert into item.Bookstore values(5, 7, 650);
insert into item.Bookstore values(6, 8, 100);
insert into item.Bookstore values(7, 8, 340);
insert into item.Bookstore values(8, 8, 560);
insert into item.Bookstore values(9, 8, 1230);
insert into item.Bookstore values(10, 8, 100);
insert into item.Bookstore values(2, 9, 100);
insert into item.Bookstore values(3, 9, 570);
insert into item.Bookstore values(4, 9, 690);
insert into item.Bookstore values(5, 9, 400);
insert into item.Bookstore values(6, 9, 680);
insert into item.Bookstore values(4, 10, 980);
insert into item.Bookstore values(5, 10, 320);
insert into item.Bookstore values(6, 10, 200);
insert into item.Bookstore values(7, 10, 100);
*/

insert into ord.Buyer values(1, 'Bob', 'Miller', 148, 6548921315486254);
insert into ord.Buyer values(2, 'Annie', 'Baker', 149, 3548925718496351);
insert into ord.Buyer values(3, 'Joe', 'Smith', 150, 2548931515488252);
insert into ord.Buyer values(4, 'Taylor', 'Wilson', 151, 9345922355789254);   
insert into ord.Buyer values(5, 'Ruth', 'Thomas', 152, 8572961375486257);
/*
insert into item.Booksupplier values (1, 1, 56100, '2019-5-25');
insert into item.Booksupplier values (2, 2, 44702, '2020-11-13');
insert into item.Booksupplier values (3, 3, 35001, '2019-3-24');
insert into item.Booksupplier values (4, 4, 100054, '2019-5-1');
insert into item.Booksupplier values (5, 5, 31007, '2019-12-25');
insert into item.Booksupplier values (6, 6, 94052, '2019-5-9');
insert into item.Booksupplier values (7, 7, 85072, '2019-9-10');
insert into item.Booksupplier values (8, 8, 36400, '2019-5-28');
insert into item.Booksupplier values (9, 9, 97405, '2019-4-15');
insert into item.Booksupplier values (10, 10, 12110, '2019-5-7');
insert into item.Booksupplier values (1, 1, 97034, '2019-6-22');
insert into item.Booksupplier values (3, 5, 22504, '2019-9-30');

insert into ord.BuyerAuthorPreferences values(1,2);
insert into ord.BuyerAuthorPreferences values(1,8);
insert into ord.BuyerAuthorPreferences values(2, 3);
insert into ord.BuyerAuthorPreferences values(2, 7);
insert into ord.BuyerAuthorPreferences values(3, 5);
insert into ord.BuyerAuthorPreferences values(3, 7);
insert into ord.BuyerAuthorPreferences values(4, 1);
insert into ord.BuyerAuthorPreferences values(4, 4);
insert into ord.BuyerAuthorPreferences values(5, 7);
insert into ord.BuyerAuthorPreferences values(5, 3);
insert into ord.BuyerAuthorPreferences values(2, 5);
insert into ord.BuyerAuthorPreferences values(5, 7);
insert into ord.BuyerAuthorPreferences values(1, 6);

insert into ord.BuyerGenrePreferences values(1, 'Thriller');
insert into ord.BuyerGenrePreferences values(2, 'Comedy');
insert into ord.BuyerGenrePreferences values(3, 'History');
insert into ord.BuyerGenrePreferences values(4, 'Fantasy');
insert into ord.BuyerGenrePreferences values(5, 'Detective');
insert into ord.BuyerGenrePreferences values(1, 'Detective');
insert into ord.BuyerGenrePreferences values(2, 'Memoir');
insert into ord.BuyerGenrePreferences values(3, 'Romance');
insert into ord.BuyerGenrePreferences values(2, 'Non fiction');

insert into ord.StoreBuyerOrder values (1, 1, 1);
insert into ord.StoreBuyerOrder values (2, 2, 2);
insert into ord.StoreBuyerOrder values (3, 2, 3);
insert into ord.StoreBuyerOrder values (4, 4, 4);
insert into ord.StoreBuyerOrder values (5, 3, 5);
insert into ord.StoreBuyerOrder values (2, 5, 6);
insert into ord.StoreBuyerOrder values (3, 6, 7);
insert into ord.StoreBuyerOrder values (5, 3, 8);
insert into ord.StoreBuyerOrder values (4, 7, 9);
insert into ord.StoreBuyerOrder values (1, 9, 10);
insert into ord.StoreBuyerOrder values (3, 1, 11);
insert into ord.StoreBuyerOrder values (5, 10, 12);

insert into ord.Orders values(1, 4, '2020-03-14 13:4:35', 21, 1);
insert into ord.Orders values(2, 3, '2020-05-14 16:13:49', 22, 1);
insert into ord.Orders values(3, 5, '2020-01-14 18:27:18', 22, 1);
insert into ord.Orders values(4, 9, '2020-11-14 17:19:7', 24, 1);
insert into ord.Orders values(5, 6, '2020-07-14 10:34:4', 23, 1);
insert into ord.Orders values(6, 7, '2020-12-14 13:57:58', 25, 1);
insert into ord.Orders values(7, 4, '2020-03-14 17:26:6', 26, 1);
insert into ord.Orders values(8, 2, '2020-08-14 14:6:5', 23, 1);
insert into ord.Orders values(9, 1, '2020-09-14 12:9:3', 27, 1);
insert into ord.Orders values(10, 3, '2020-02-14 14:45:23', 29, 1);
insert into ord.Orders values(11, 5, '2020-03-14 13:29:1', 21, 1);
insert into ord.Orders values(12, 2, '2020-04-14 15:54:54', 30, 1);

insert into ord.SupplierOrder values (4, 1, 1);
insert into ord.SupplierOrder values (3, 2, 1);
insert into ord.SupplierOrder values (5, 3, 2);
insert into ord.SupplierOrder values (9, 4, 1);
insert into ord.SupplierOrder values (6, 5, 1);
insert into ord.SupplierOrder values (7, 6, 1);
insert into ord.SupplierOrder values (4, 7, 2);
insert into ord.SupplierOrder values (2, 8, 1);
insert into ord.SupplierOrder values (1, 9, 1);
insert into ord.SupplierOrder values (3, 10, 2);
insert into ord.SupplierOrder values (5, 11, 2);
insert into ord.SupplierOrder values (2, 12, 1);
*/
insert into item.Suppliers values (1, 'Jack', 'Turner', 153, 'Aero');
insert into item.Suppliers values (2, 'Debra', 'Hill', 154, 'Alabaster');
insert into item.Suppliers values (3, 'Frank', 'Smith', 155, 'Almond');
insert into item.Suppliers values (4, 'Christine', 'Flores', 156, 'Amber');
insert into item.Suppliers values (5, 'Jordan', 'Parker', 157, 'Amaranth');
insert into item.Suppliers values (6, 'Katherine', 'Wilson', 158, 'Apricot');
insert into item.Suppliers values (7, 'Bradley', 'Cruz', 159, 'Aqua');
insert into item.Suppliers values (8, 'Alice', 'Morris', 160, 'Buff');
insert into item.Suppliers values (9, 'Vincent', 'Murphy', 161, 'Cerise');
insert into item.Suppliers values (10, 'Jean', 'Ortiz', 162, 'Ecru');

insert into work.StoreEmployees values(1,1);
insert into work.StoreEmployees values(2,2);
insert into work.StoreEmployees values(3,3);
insert into work.StoreEmployees values(4,4);
insert into work.StoreEmployees values(5,5);
insert into work.StoreEmployees values(6,6);
insert into work.StoreEmployees values(7,7);
insert into work.StoreEmployees values(8,8);
insert into work.StoreEmployees values(9,9);
insert into work.StoreEmployees values(10,10);
insert into work.StoreEmployees values(11,1);
insert into work.StoreEmployees values(12,2);
insert into work.StoreEmployees values(13,3);
insert into work.StoreEmployees values(14,4);
insert into work.StoreEmployees values(15,5);
insert into work.StoreEmployees values(16,6);
insert into work.StoreEmployees values(17,7);
insert into work.StoreEmployees values(18,8);
insert into work.StoreEmployees values(19,9);
insert into work.StoreEmployees values(20,10);
insert into work.StoreEmployees values(21,1);
insert into work.StoreEmployees values(22,2);
insert into work.StoreEmployees values(23,3);
insert into work.StoreEmployees values(24,4);
insert into work.StoreEmployees values(25,5);
insert into work.StoreEmployees values(26,6);
insert into work.StoreEmployees values(27,7);
insert into work.StoreEmployees values(28,8);
insert into work.StoreEmployees values(29,9);
insert into work.StoreEmployees values(30,10);
insert into work.StoreEmployees values(31,1);
insert into work.StoreEmployees values(32,2);
insert into work.StoreEmployees values(33,3);
insert into work.StoreEmployees values(34,4);
insert into work.StoreEmployees values(35,5);
insert into work.StoreEmployees values(36,6);
insert into work.StoreEmployees values(37,7);
insert into work.StoreEmployees values(38,8);
insert into work.StoreEmployees values(39,9);
insert into work.StoreEmployees values(40,1);
insert into work.StoreEmployees values(41,2);
insert into work.StoreEmployees values(42,3);
insert into work.StoreEmployees values(43,4);
insert into work.StoreEmployees values(44,5);
insert into work.StoreEmployees values(45,6);
insert into work.StoreEmployees values(46,7);
insert into work.StoreEmployees values(47,8);
insert into work.StoreEmployees values(48,9);
insert into work.StoreEmployees values(49,10);
insert into work.StoreEmployees values(50,1);
insert into work.StoreEmployees values(51,2);
insert into work.StoreEmployees values(52,3);
insert into work.StoreEmployees values(53,4);
insert into work.StoreEmployees values(54,5);
insert into work.StoreEmployees values(55,6);
insert into work.StoreEmployees values(56,7);
insert into work.StoreEmployees values(57,8);
insert into work.StoreEmployees values(58,9);
insert into work.StoreEmployees values(59,10);
insert into work.StoreEmployees values(60,1);
insert into work.StoreEmployees values(61,2);
insert into work.StoreEmployees values(62,3);
insert into work.StoreEmployees values(63,4);
insert into work.StoreEmployees values(64,5);
insert into work.StoreEmployees values(65,6);
insert into work.StoreEmployees values(66,7);
insert into work.StoreEmployees values(67,8);
insert into work.StoreEmployees values(68,9);
insert into work.StoreEmployees values(69,10);
insert into work.StoreEmployees values(70,1);
insert into work.StoreEmployees values(71,2);
insert into work.StoreEmployees values(72,3);
insert into work.StoreEmployees values(73,4);
insert into work.StoreEmployees values(74,5);
insert into work.StoreEmployees values(75,6);
insert into work.StoreEmployees values(76,7);
insert into work.StoreEmployees values(77,8);
insert into work.StoreEmployees values(78,9);
insert into work.StoreEmployees values(79,10);
insert into work.StoreEmployees values(80,1);
insert into work.StoreEmployees values(81,2);
insert into work.StoreEmployees values(82,3);
insert into work.StoreEmployees values(83,4);
insert into work.StoreEmployees values(84,5);
insert into work.StoreEmployees values(85,6);
insert into work.StoreEmployees values(86,7);
insert into work.StoreEmployees values(87,8);
insert into work.StoreEmployees values(88,9);
insert into work.StoreEmployees values(89,10);
insert into work.StoreEmployees values(90,1);
insert into work.StoreEmployees values(91,2);
insert into work.StoreEmployees values(92,3);
insert into work.StoreEmployees values(93,4);
insert into work.StoreEmployees values(94,5);
insert into work.StoreEmployees values(95,6);
insert into work.StoreEmployees values(96,7);
insert into work.StoreEmployees values(97,8);
insert into work.StoreEmployees values(98,9);
insert into work.StoreEmployees values(99,10);
insert into work.StoreEmployees values(100,1);
insert into work.StoreEmployees values(101,2);
insert into work.StoreEmployees values(102,3);
insert into work.StoreEmployees values(103,4);
insert into work.StoreEmployees values(104,5);
insert into work.StoreEmployees values(105,6);
insert into work.StoreEmployees values(106,7);
insert into work.StoreEmployees values(107,8);
insert into work.StoreEmployees values(108,9);
insert into work.StoreEmployees values(109,10);
insert into work.StoreEmployees values(110,1);
insert into work.StoreEmployees values(111,2);
insert into work.StoreEmployees values(112,3);
insert into work.StoreEmployees values(113,4);
insert into work.StoreEmployees values(114,5);
insert into work.StoreEmployees values(115,6);
insert into work.StoreEmployees values(116,7);
insert into work.StoreEmployees values(117,8);
insert into work.StoreEmployees values(118,9);
insert into work.StoreEmployees values(119,10);
insert into work.StoreEmployees values(120,1);
insert into work.StoreEmployees values(121,2);
insert into work.StoreEmployees values(122,3);
insert into work.StoreEmployees values(123,4);
insert into work.StoreEmployees values(124,5);
insert into work.StoreEmployees values(125,6);
insert into work.StoreEmployees values(126,7);
insert into work.StoreEmployees values(127,8);
insert into work.StoreEmployees values(128,9);
insert into work.StoreEmployees values(129,10);

insert into location.Cities values(1,'US', 'MA', 'Austin');
insert into location.Cities values(2,'US', 'AL', 'Boston');
insert into location.Cities values(3,'US', 'AZ', 'Brooklyn');
insert into location.Cities values(4,'US', 'TX', 'Holster');

insert into store.Owners values(1, 'Steven', 'Walker', 31, 'Blue');
insert into store.Owners values(2, 'Andrew', 'Smith', 32, 'Green');
insert into store.Owners values(3, 'Kimberly', 'Watson', 33, 'Red');
insert into store.Owners values(4, 'Kenneth', 'King', 34, 'Purple');
insert into store.Owners values(5, 'Joshua', 'Wright', 35, 'Yellow');
insert into store.Owners values(6, 'Donna', 'Hill', 36, 'Sky');
insert into store.Owners values(7, 'Emily', 'Baker', 37, 'Bread');

insert into location.Addressess values(1, '1 Elton ave.', 1, '202-555-0007');
insert into location.Addressess values(2, '1 Baker st.', 2, '202-555-0682');
insert into location.Addressess values(3, '2 Baker st.', 3, '202-555-0564');
insert into location.Addressess values(4, '3 Baker st.', 4, '202-555-0859');
insert into location.Addressess values(5, '4 Baker st.', 2, '202-555-0272');
insert into location.Addressess values(6, '5 Baker st.', 4, '202-555-0940');
insert into location.Addressess values(7, '6 Baker st.', 3, '202-555-0239');
insert into location.Addressess values(8, '7 Baker st.', 2, '202-555-0365');
insert into location.Addressess values(9, '8 Baker st.', 1, '202-555-0445');
insert into location.Addressess values(10, '9 Baker st.', 2, '202-555-0451');
insert into location.Addressess values(11, '10 Baker st.', 3, '202-555-0628');
insert into location.Addressess values(12, '2 Elton ave.', 1, '202-555-0898');
insert into location.Addressess values(13, '3 Elton ave.', 1, '202-555-0329');
insert into location.Addressess values(14, '4 Elton ave.', 4, '202-555-0501');
insert into location.Addressess values(15, '5 Elton ave.', 1, '242-763-0628');
insert into location.Addressess values(16, '6 Elton ave.', 2, '202-555-0187');
insert into location.Addressess values(17, '7 Elton ave.', 3, '202-555-0836');
insert into location.Addressess values(18, '8 Elton ave.', 3, '202-555-0790');
insert into location.Addressess values(19, '9 Elton ave.', 1, '202-555-0368');
insert into location.Addressess values(20, '10 Elton ave.', 4, '202-555-0858');
insert into location.Addressess values(21, '1 Bridge st.', 3, '202-555-0987');
insert into location.Addressess values(22, '2 Bridge st.', 2, '202-555-0335');
insert into location.Addressess values(23, '3 Bridge st.', 3, '202-555-0996');
insert into location.Addressess values(24, '4 Bridge st.', 1, '202-555-0976');
insert into location.Addressess values(25, '5 Bridge st.', 2, '202-555-5007');
insert into location.Addressess values(26, '6 Bridge st.', 2, '202-555-6007');
insert into location.Addressess values(27, '7 Bridge st.', 4, '202-555-7007');
insert into location.Addressess values(28, '8 Bridge st.', 4, '202-555-8007');
insert into location.Addressess values(29, '9 Bridge st.', 2, '202-555-9007');
insert into location.Addressess values(30, '10  Bridge st.', 1, '202-555-1007');
insert into location.Addressess values(31, '1 Straight st.', 1, '202-555-2007');
insert into location.Addressess values(32, '2 Straight st.', 3, '202-555-3007');
insert into location.Addressess values(33, '3 Straight st.', 3, '202-555-4007');
insert into location.Addressess values(34, '4 Straight st.', 4, '202-555-1008');
insert into location.Addressess values(35, '5 Straight st.', 2, '202-555-2008');
insert into location.Addressess values(36, '6 Straight st.', 1, '202-555-3008');
insert into location.Addressess values(37, '7 Straight st.', 2, '302-575-9435');
insert into location.Addressess values(38, '1 Block st.', 4, '202-535-0987');
insert into location.Addressess values(39, '2 Block st.', 3, '432-937-0335');
insert into location.Addressess values(40, '3 Block st.', 1, '292-535-1911');
insert into location.Addressess values(41, '1 Clock st.', 2, '202-535-2007');
insert into location.Addressess values(42, '2 Clock st.', 1, '202-535-3007');
insert into location.Addressess values(43, '3 Clock st.', 2, '202-535-4007');
insert into location.Addressess values(44, '4 Clock st.', 1, '202-535-1008');
insert into location.Addressess values(45, '5 Clock st.', 3, '202-535-2008');
insert into location.Addressess values(46, '6 Clock st.', 3, '202-535-3008');
insert into location.Addressess values(47, '7 Clock st.', 4, '293-535-5397');
insert into location.Addressess values(48, '1 Rope st.', 2, '179-946-1987');
insert into location.Addressess values(49, '2 Rope st.', 2, '202-553-0335');
insert into location.Addressess values(50, '3 Rope st.', 1, '202-553-0996');
insert into location.Addressess values(51, '1 Break st.', 3, '753-534-2007');
insert into location.Addressess values(52, '2 Break st.', 1, '306-535-3007');
insert into location.Addressess values(53, '3 Break st.', 2, '352-535-4007');
insert into location.Addressess values(54, '4 Break st.', 4, '769-535-1008');
insert into location.Addressess values(55, '5 Break st.', 1, '292-995-2909');
insert into location.Addressess values(56, '6 Break st.', 1, '397-595-3098');
insert into location.Addressess values(57, '7 Break st.', 3, '202-515-3008');
insert into location.Addressess values(58, '1 Dust st.', 3, '202-551-0987');
insert into location.Addressess values(59, '2 Dust st.', 1, '202-551-0335');
insert into location.Addressess values(60, '3 Dust st.', 3, '202-551-0996');
insert into location.Addressess values(61, '1 Place st.', 4, '202-515-2007');
insert into location.Addressess values(62, '2 Place st.', 1, '202-515-3007');
insert into location.Addressess values(63, '3 Place st.', 3, '202-515-4007');
insert into location.Addressess values(64, '4 Place st.', 2, '202-515-1008');
insert into location.Addressess values(65, '5 Place st.', 2, '202-515-2008');
insert into location.Addressess values(66, '6 Place st.', 3, '662-565-3608');
insert into location.Addressess values(67, '7 Place st.', 1, '202-455-3008');
insert into location.Addressess values(68, '1 Toll st.', 1, '202-455-0987');
insert into location.Addressess values(69, '2 Toll st.', 1, '202-455-0335');
insert into location.Addressess values(70, '3 Toll st.', 4, '202-455-0996');
insert into location.Addressess values(71, '1 Prep st.', 2, '202-455-2007');
insert into location.Addressess values(72, '2 Prep st.', 4, '202-455-3007');
insert into location.Addressess values(73, '3 Prep st.', 4, '202-455-4007');
insert into location.Addressess values(74, '4 Prep st.', 3, '202-455-1008');
insert into location.Addressess values(75, '5 Prep st.', 2, '202-455-2008');
insert into location.Addressess values(76, '6 Prep st.', 4, '707-755-3078');
insert into location.Addressess values(77, '7 Prep st.', 1, '202-955-3008');
insert into location.Addressess values(78, '1 Class st.', 1, '202-955-0987');
insert into location.Addressess values(79, '2 Class st.', 4, '202-955-0335');
insert into location.Addressess values(80, '3 Class st.', 3, '202-955-0996');
insert into location.Addressess values(81, '1 Table st.', 1, '202-955-2007');
insert into location.Addressess values(82, '2 Table st.', 4, '202-955-3007');
insert into location.Addressess values(83, '3 Table st.', 3, '202-979-4007');
insert into location.Addressess values(84, '4 Table st.', 1, '202-955-1008');
insert into location.Addressess values(85, '5 Table st.', 2, '202-955-2008');
insert into location.Addressess values(86, '6 Table st.', 4, '322-225-3202');
insert into location.Addressess values(87, '7 Table st.', 1, '202-755-3008');
insert into location.Addressess values(88, '1 Sto st.', 2, '202-755-0987');
insert into location.Addressess values(89, '2 Sto st.', 1, '202-755-0335');
insert into location.Addressess values(90, '3 Sto st.', 1, '202-755-0996');
insert into location.Addressess values(91, '1 Apl st.', 4, '202-755-2007');
insert into location.Addressess values(92, '2 Apl st.', 2, '202-779-3007');
insert into location.Addressess values(93, '3 Apl st.', 3, '202-755-4007');
insert into location.Addressess values(94, '4 Apl st.', 1, '202-755-1008');
insert into location.Addressess values(95, '5 Apl st.', 3, '202-755-2008');
insert into location.Addressess values(96, '6 Apl st.', 2, '282-765-3606');
insert into location.Addressess values(97, '7 Apl st.', 2, '202-155-3008');
insert into location.Addressess values(98, '1 Lap st.', 4, '202-155-0987');
insert into location.Addressess values(99, '2 Lap st.', 1, '202-155-0335');
insert into location.Addressess values(100, '3 Lap st.', 1, '202-155-0996');
insert into location.Addressess values(101, '1 Plot st.', 3, '202-179-2007');
insert into location.Addressess values(102, '2 Plot st.', 3, '202-155-3007');
insert into location.Addressess values(103, '3 Plot st.', 4, '202-155-4007');
insert into location.Addressess values(104, '4 Plot st.', 2, '202-155-1008');
insert into location.Addressess values(105, '5 Plot st.', 4, '202-155-2008');
insert into location.Addressess values(106, '6 Plot st.', 2, '202-175-3908');
insert into location.Addressess values(107, '7 Plot st.', 1, '223-553-9338');
insert into location.Addressess values(108, '1 Trel st.', 4, '203-195-0987');
insert into location.Addressess values(109, '2 Trel st.', 2, '203-595-0935');
insert into location.Addressess values(110, '3 Trel st.', 1, '203-555-0996');
insert into location.Addressess values(111, '1 Trick st.', 3, '223-555-2907');
insert into location.Addressess values(112, '2 Trick st.', 4, '203-595-3907');
insert into location.Addressess values(113, '3 Trick st.', 1, '203-955-4907');
insert into location.Addressess values(114, '4 Trick st.', 3, '253-595-7968');
insert into location.Addressess values(115, '5 Trick st.', 2, '204-579-2008');
insert into location.Addressess values(116, '6 Trick st.', 1, '204-955-3008');
insert into location.Addressess values(117, '7 Trick st.', 4, '204-555-3608');
insert into location.Addressess values(118, '1 Plos st.', 1, '204-595-0987');
insert into location.Addressess values(119, '2 Plos st.', 3, '998-953-4345');
insert into location.Addressess values(120, '3 Plos st.', 2, '208-555-0996');
insert into location.Addressess values(121, '1 Las st.', 4, '208-559-2007');
insert into location.Addressess values(122, '2 Las st.', 2, '208-595-3007');
insert into location.Addressess values(123, '3 Las st.', 3, '208-599-4007');
insert into location.Addressess values(124, '4 Las st.', 2, '209-555-1008');
insert into location.Addressess values(125, '5 Las st.', 3, '209-555-2008');
insert into location.Addressess values(126, '6 Las st.', 1, '209-555-3008');
insert into location.Addressess values(127, '7 Las st.', 3, '209-555-3038');
insert into location.Addressess values(128, '1 Pro st.', 2, '209-555-0987');
insert into location.Addressess values(129, '2 Pro st.', 1, '299-595-0335');
insert into location.Addressess values(130, '3 Pro st.', 4, '399-595-0996');
insert into location.Addressess values(131, '1 Set st.', 2, '332-555-2007');
insert into location.Addressess values(132, '2 Set st.', 2, '352-555-3007');
insert into location.Addressess values(133, '3 Set st.', 4, '342-555-4007');
insert into location.Addressess values(134, '4 Set st.', 1, '382-555-1008');
insert into location.Addressess values(135, '5 Set st.', 4, '392-555-2008');
insert into location.Addressess values(136, '6 Set st.', 2, '372-555-3008');
insert into location.Addressess values(137, '7 Set st.', 2, '319-511-3408');
insert into location.Addressess values(138, '1 Daf st.', 4, '389-555-0987');
insert into location.Addressess values(139, '2 Daf st.', 1, '335-555-0335');
insert into location.Addressess values(140, '3 Daf st.', 1, '395-595-1996');
insert into location.Addressess values(141, '1 Bloq st.', 4, '402-555-2007');
insert into location.Addressess values(142, '2 Bloq st.', 2, '402-555-3007');
insert into location.Addressess values(143, '3 Bloq st.', 2, '402-555-4007');
insert into location.Addressess values(144, '4 Bloq st.', 3, '402-555-1008');
insert into location.Addressess values(145, '5 Bloq st.', 2, '402-555-2008');
insert into location.Addressess values(146, '6 Bloq st.', 3, '402-555-3008');
insert into location.Addressess values(147, '7 Bloq st.', 1, '692-595-3538');
insert into location.Addressess values(148, '1 Rae st.', 1, '402-555-0987');
insert into location.Addressess values(149, '2 Rae st.', 3, '502-555-0335');
insert into location.Addressess values(150, '3 Rae st.', 3, '502-555-0996');
insert into location.Addressess values(151, '1 Clos st.', 1, '502-555-2007');
insert into location.Addressess values(152, '2 Clos st.', 4, '502-555-3007');
insert into location.Addressess values(153, '3 Clos st.', 3, '502-555-4007');
insert into location.Addressess values(154, '4 Clos st.', 2, '502-555-1008');
insert into location.Addressess values(155, '5 Clos st.', 2, '692-535-2658');
insert into location.Addressess values(156, '6 Clos st.', 3, '682-585-3888');
insert into location.Addressess values(157, '7 Clos st.', 1, '982-565-4588');
insert into location.Addressess values(158, '1 Call st.', 4, '602-985-9987');
insert into location.Addressess values(159, '2 Call st.', 1, '102-555-0335');
insert into location.Addressess values(160, '3 Call st.', 2, '102-555-0996');
insert into location.Addressess values(161, '2 Bed st.', 2, '192-555-0335');
insert into location.Addressess values(162, '3 Bed st.', 4, '192-555-0996');